graph_name,num_vertices,num_edges,density,kl_time_avg,kl_time_std,kl_cut_avg,kl_cut_std,kl_balance_avg,kl_best_cut,kl_best_time,ml_time_avg,ml_time_std,ml_cut_avg,ml_cut_std,ml_balance_avg,ml_best_cut,ml_best_time,ml_levels_avg,cut_improvement,speedup,winner
cluster_100,100,800,0.16161616161616163,0.9429894649996035,0.09797615267259939,707.0,0.0,1.0,707,0.8754587389994413,4.47864439899998,0.007040040014587333,707.0,0.0,1.0,707,4.473604730000261,4.0,0.0,0.19569425370296187,KL
cluster_200,200,1600,0.08040201005025126,2.664658413333503,0.03663210377682851,941.0,0.0,1.0,941,2.6363250630001858,14.613783415666754,0.23222382212714823,941.0,0.0,1.0,941,14.36527255800047,8.0,0.0,0.1835207130498846,KL
cluster_500,500,4000,0.03206412825651302,5.67156731999997,0.11333925088562241,1979.0,0.0,1.0,1979,5.559244092999506,58.559622541333134,0.5594905131730988,1979.0,0.0,1.0,1979,57.92416493099972,10.0,0.0,0.09597452288905287,KL
cluster_1000,1000,8000,0.016016016016016016,7.378194397000395,0.12038061824102804,3620.0,0.0,1.0,3620,7.240514813000118,65.49766680299975,1.4300914905157796,3620.0,0.0,1.0,3620,64.59918824200031,7.0,0.0,0.11208368108088035,KL
